probe,face,x,y,z,Cp
0,Sotavento,0.05010,-0.04000,0.01000,-0.40754
1,Sotavento,0.05010,-0.04000,0.03000,-0.40014
2,Sotavento,0.05010,-0.04000,0.05000,-0.39704
3,Sotavento,0.05010,-0.04000,0.07000,-0.40812
4,Sotavento,0.05010,-0.04000,0.09000,-0.40390
5,Sotavento,0.05010,-0.04000,0.11000,-0.38867
6,Sotavento,0.05010,-0.04000,0.13000,-0.36464
7,Sotavento,0.05010,-0.04000,0.15000,-0.33730
8,Sotavento,0.05010,-0.04000,0.17000,-0.31327
9,Sotavento,0.05010,-0.04000,0.19000,-0.29654
10,Sotavento,0.05010,-0.04000,0.21000,-0.28934
11,Sotavento,0.05010,-0.04000,0.23000,-0.29178
12,Sotavento,0.05010,-0.04000,0.25000,-0.30293
13,Sotavento,0.05010,-0.04000,0.27000,-0.32046
14,Sotavento,0.05010,-0.04000,0.29000,-0.34080
15,Sotavento,0.05010,-0.04000,0.31000,-0.36081
16,Sotavento,0.05010,-0.04000,0.33000,-0.37809
17,Sotavento,0.05010,-0.04000,0.35000,-0.38961
18,Sotavento,0.05010,-0.04000,0.37000,-0.39263
19,Sotavento,0.05010,-0.04000,0.39000,-0.38653
20,Sotavento,0.05010,-0.02000,0.01000,-0.41506
21,Sotavento,0.05010,-0.02000,0.03000,-0.40946
22,Sotavento,0.05010,-0.02000,0.05000,-0.39526
23,Sotavento,0.05010,-0.02000,0.07000,-0.40247
24,Sotavento,0.05010,-0.02000,0.09000,-0.39629
25,Sotavento,0.05010,-0.02000,0.11000,-0.37919
26,Sotavento,0.05010,-0.02000,0.13000,-0.35239
27,Sotavento,0.05010,-0.02000,0.15000,-0.32067
28,Sotavento,0.05010,-0.02000,0.17000,-0.29161
29,Sotavento,0.05010,-0.02000,0.19000,-0.27137
30,Sotavento,0.05010,-0.02000,0.21000,-0.26261
31,Sotavento,0.05010,-0.02000,0.23000,-0.26505
32,Sotavento,0.05010,-0.02000,0.25000,-0.27687
33,Sotavento,0.05010,-0.02000,0.27000,-0.29554
34,Sotavento,0.05010,-0.02000,0.29000,-0.31864
35,Sotavento,0.05010,-0.02000,0.31000,-0.34321
36,Sotavento,0.05010,-0.02000,0.33000,-0.36580
37,Sotavento,0.05010,-0.02000,0.35000,-0.38311
38,Sotavento,0.05010,-0.02000,0.37000,-0.39303
39,Sotavento,0.05010,-0.02000,0.39000,-0.39970
40,Sotavento,0.05010,0.00000,0.01000,-0.34810
41,Sotavento,0.05010,0.00000,0.03000,-0.36801
42,Sotavento,0.05010,0.00000,0.05000,-0.38649
43,Sotavento,0.05010,0.00000,0.07000,-0.39583
44,Sotavento,0.05010,0.00000,0.09000,-0.39169
45,Sotavento,0.05010,0.00000,0.11000,-0.37590
46,Sotavento,0.05010,0.00000,0.13000,-0.34948
47,Sotavento,0.05010,0.00000,0.15000,-0.31678
48,Sotavento,0.05010,0.00000,0.17000,-0.28631
49,Sotavento,0.05010,0.00000,0.19000,-0.26504
50,Sotavento,0.05010,0.00000,0.21000,-0.25576
51,Sotavento,0.05010,0.00000,0.23000,-0.25814
52,Sotavento,0.05010,0.00000,0.25000,-0.27026
53,Sotavento,0.05010,0.00000,0.27000,-0.28934
54,Sotavento,0.05010,0.00000,0.29000,-0.31268
55,Sotavento,0.05010,0.00000,0.31000,-0.33793
56,Sotavento,0.05010,0.00000,0.33000,-0.36201
57,Sotavento,0.05010,0.00000,0.35000,-0.38122
58,Sotavento,0.05010,0.00000,0.37000,-0.39363
59,Sotavento,0.05010,0.00000,0.39000,-0.40499
60,Sotavento,0.05010,0.02000,0.01000,-0.40761
61,Sotavento,0.05010,0.02000,0.03000,-0.40203
62,Sotavento,0.05010,0.02000,0.05000,-0.39210
63,Sotavento,0.05010,0.02000,0.07000,-0.39982
64,Sotavento,0.05010,0.02000,0.09000,-0.39500
65,Sotavento,0.05010,0.02000,0.11000,-0.37845
66,Sotavento,0.05010,0.02000,0.13000,-0.35188
67,Sotavento,0.05010,0.02000,0.15000,-0.32029
68,Sotavento,0.05010,0.02000,0.17000,-0.29129
69,Sotavento,0.05010,0.02000,0.19000,-0.27111
70,Sotavento,0.05010,0.02000,0.21000,-0.26239
71,Sotavento,0.05010,0.02000,0.23000,-0.26486
72,Sotavento,0.05010,0.02000,0.25000,-0.27669
73,Sotavento,0.05010,0.02000,0.27000,-0.29535
74,Sotavento,0.05010,0.02000,0.29000,-0.31846
75,Sotavento,0.05010,0.02000,0.31000,-0.34310
76,Sotavento,0.05010,0.02000,0.33000,-0.36575
77,Sotavento,0.05010,0.02000,0.35000,-0.38312
78,Sotavento,0.05010,0.02000,0.37000,-0.39311
79,Sotavento,0.05010,0.02000,0.39000,-0.39975
80,Sotavento,0.05010,0.04000,0.01000,-0.40214
81,Sotavento,0.05010,0.04000,0.03000,-0.39627
82,Sotavento,0.05010,0.04000,0.05000,-0.39486
83,Sotavento,0.05010,0.04000,0.07000,-0.40604
84,Sotavento,0.05010,0.04000,0.09000,-0.40248
85,Sotavento,0.05010,0.04000,0.11000,-0.38756
86,Sotavento,0.05010,0.04000,0.13000,-0.36373
87,Sotavento,0.05010,0.04000,0.15000,-0.33660
88,Sotavento,0.05010,0.04000,0.17000,-0.31269
89,Sotavento,0.05010,0.04000,0.19000,-0.29606
90,Sotavento,0.05010,0.04000,0.21000,-0.28898
91,Sotavento,0.05010,0.04000,0.23000,-0.29149
92,Sotavento,0.05010,0.04000,0.25000,-0.30274
93,Sotavento,0.05010,0.04000,0.27000,-0.32022
94,Sotavento,0.05010,0.04000,0.29000,-0.34063
95,Sotavento,0.05010,0.04000,0.31000,-0.36081
96,Sotavento,0.05010,0.04000,0.33000,-0.37823
97,Sotavento,0.05010,0.04000,0.35000,-0.38987
98,Sotavento,0.05010,0.04000,0.37000,-0.39296
99,Sotavento,0.05010,0.04000,0.39000,-0.38654
100,Barlovento,-0.05010,-0.04000,0.01000,0.28023
101,Barlovento,-0.05010,-0.04000,0.03000,0.25608
102,Barlovento,-0.05010,-0.04000,0.05000,0.31165
103,Barlovento,-0.05010,-0.04000,0.07000,0.36829
104,Barlovento,-0.05010,-0.04000,0.09000,0.41176
105,Barlovento,-0.05010,-0.04000,0.11000,0.44883
106,Barlovento,-0.05010,-0.04000,0.13000,0.48158
107,Barlovento,-0.05010,-0.04000,0.15000,0.51127
108,Barlovento,-0.05010,-0.04000,0.17000,0.53884
109,Barlovento,-0.05010,-0.04000,0.19000,0.56442
110,Barlovento,-0.05010,-0.04000,0.21000,0.58827
111,Barlovento,-0.05010,-0.04000,0.23000,0.61056
112,Barlovento,-0.05010,-0.04000,0.25000,0.63160
113,Barlovento,-0.05010,-0.04000,0.27000,0.65162
114,Barlovento,-0.05010,-0.04000,0.29000,0.67104
115,Barlovento,-0.05010,-0.04000,0.31000,0.68979
116,Barlovento,-0.05010,-0.04000,0.33000,0.70768
117,Barlovento,-0.05010,-0.04000,0.35000,0.72361
118,Barlovento,-0.05010,-0.04000,0.37000,0.72896
119,Barlovento,-0.05010,-0.04000,0.39000,0.63836
120,Barlovento,-0.05010,-0.02000,0.01000,0.49156
121,Barlovento,-0.05010,-0.02000,0.03000,0.42572
122,Barlovento,-0.05010,-0.02000,0.05000,0.46649
123,Barlovento,-0.05010,-0.02000,0.07000,0.52300
124,Barlovento,-0.05010,-0.02000,0.09000,0.57487
125,Barlovento,-0.05010,-0.02000,0.11000,0.62081
126,Barlovento,-0.05010,-0.02000,0.13000,0.66183
127,Barlovento,-0.05010,-0.02000,0.15000,0.69898
128,Barlovento,-0.05010,-0.02000,0.17000,0.73307
129,Barlovento,-0.05010,-0.02000,0.19000,0.76460
130,Barlovento,-0.05010,-0.02000,0.21000,0.79394
131,Barlovento,-0.05010,-0.02000,0.23000,0.82133
132,Barlovento,-0.05010,-0.02000,0.25000,0.84691
133,Barlovento,-0.05010,-0.02000,0.27000,0.87070
134,Barlovento,-0.05010,-0.02000,0.29000,0.89251
135,Barlovento,-0.05010,-0.02000,0.31000,0.91155
136,Barlovento,-0.05010,-0.02000,0.33000,0.92594
137,Barlovento,-0.05010,-0.02000,0.35000,0.93006
138,Barlovento,-0.05010,-0.02000,0.37000,0.90276
139,Barlovento,-0.05010,-0.02000,0.39000,0.70572
140,Barlovento,-0.05010,0.00000,0.01000,0.53467
141,Barlovento,-0.05010,0.00000,0.03000,0.46177
142,Barlovento,-0.05010,0.00000,0.05000,0.49796
143,Barlovento,-0.05010,0.00000,0.07000,0.55283
144,Barlovento,-0.05010,0.00000,0.09000,0.60574
145,Barlovento,-0.05010,0.00000,0.11000,0.65336
146,Barlovento,-0.05010,0.00000,0.13000,0.69610
147,Barlovento,-0.05010,0.00000,0.15000,0.73484
148,Barlovento,-0.05010,0.00000,0.17000,0.77032
149,Barlovento,-0.05010,0.00000,0.19000,0.80310
150,Barlovento,-0.05010,0.00000,0.21000,0.83354
151,Barlovento,-0.05010,0.00000,0.23000,0.86190
152,Barlovento,-0.05010,0.00000,0.25000,0.88827
153,Barlovento,-0.05010,0.00000,0.27000,0.91261
154,Barlovento,-0.05010,0.00000,0.29000,0.93454
155,Barlovento,-0.05010,0.00000,0.31000,0.95305
156,Barlovento,-0.05010,0.00000,0.33000,0.96569
157,Barlovento,-0.05010,0.00000,0.35000,0.96545
158,Barlovento,-0.05010,0.00000,0.37000,0.92803
159,Barlovento,-0.05010,0.00000,0.39000,0.71257
160,Barlovento,-0.05010,0.02000,0.01000,0.49165
161,Barlovento,-0.05010,0.02000,0.03000,0.42579
162,Barlovento,-0.05010,0.02000,0.05000,0.46657
163,Barlovento,-0.05010,0.02000,0.07000,0.52308
164,Barlovento,-0.05010,0.02000,0.09000,0.57496
165,Barlovento,-0.05010,0.02000,0.11000,0.62090
166,Barlovento,-0.05010,0.02000,0.13000,0.66193
167,Barlovento,-0.05010,0.02000,0.15000,0.69908
168,Barlovento,-0.05010,0.02000,0.17000,0.73318
169,Barlovento,-0.05010,0.02000,0.19000,0.76471
170,Barlovento,-0.05010,0.02000,0.21000,0.79406
171,Barlovento,-0.05010,0.02000,0.23000,0.82147
172,Barlovento,-0.05010,0.02000,0.25000,0.84706
173,Barlovento,-0.05010,0.02000,0.27000,0.87086
174,Barlovento,-0.05010,0.02000,0.29000,0.89266
175,Barlovento,-0.05010,0.02000,0.31000,0.91169
176,Barlovento,-0.05010,0.02000,0.33000,0.92607
177,Barlovento,-0.05010,0.02000,0.35000,0.93016
178,Barlovento,-0.05010,0.02000,0.37000,0.90281
179,Barlovento,-0.05010,0.02000,0.39000,0.70555
180,Barlovento,-0.05010,0.04000,0.01000,0.28046
181,Barlovento,-0.05010,0.04000,0.03000,0.25629
182,Barlovento,-0.05010,0.04000,0.05000,0.31182
183,Barlovento,-0.05010,0.04000,0.07000,0.36856
184,Barlovento,-0.05010,0.04000,0.09000,0.41206
185,Barlovento,-0.05010,0.04000,0.11000,0.44915
186,Barlovento,-0.05010,0.04000,0.13000,0.48191
187,Barlovento,-0.05010,0.04000,0.15000,0.51160
188,Barlovento,-0.05010,0.04000,0.17000,0.53920
189,Barlovento,-0.05010,0.04000,0.19000,0.56481
190,Barlovento,-0.05010,0.04000,0.21000,0.58871
191,Barlovento,-0.05010,0.04000,0.23000,0.61108
192,Barlovento,-0.05010,0.04000,0.25000,0.63219
193,Barlovento,-0.05010,0.04000,0.27000,0.65226
194,Barlovento,-0.05010,0.04000,0.29000,0.67167
195,Barlovento,-0.05010,0.04000,0.31000,0.69035
196,Barlovento,-0.05010,0.04000,0.33000,0.70817
197,Barlovento,-0.05010,0.04000,0.35000,0.72404
198,Barlovento,-0.05010,0.04000,0.37000,0.72928
199,Barlovento,-0.05010,0.04000,0.39000,0.63837
200,Lateral+,-0.04000,0.05010,0.01000,-0.55515
201,Lateral+,-0.04000,0.05010,0.03000,-0.53516
202,Lateral+,-0.04000,0.05010,0.05000,-0.50365
203,Lateral+,-0.04000,0.05010,0.07000,-0.48543
204,Lateral+,-0.04000,0.05010,0.09000,-0.48956
205,Lateral+,-0.04000,0.05010,0.11000,-0.49360
206,Lateral+,-0.04000,0.05010,0.13000,-0.49676
207,Lateral+,-0.04000,0.05010,0.15000,-0.49895
208,Lateral+,-0.04000,0.05010,0.17000,-0.50053
209,Lateral+,-0.04000,0.05010,0.19000,-0.50226
210,Lateral+,-0.04000,0.05010,0.21000,-0.50485
211,Lateral+,-0.04000,0.05010,0.23000,-0.50868
212,Lateral+,-0.04000,0.05010,0.25000,-0.51363
213,Lateral+,-0.04000,0.05010,0.27000,-0.51926
214,Lateral+,-0.04000,0.05010,0.29000,-0.52482
215,Lateral+,-0.04000,0.05010,0.31000,-0.52956
216,Lateral+,-0.04000,0.05010,0.33000,-0.53331
217,Lateral+,-0.04000,0.05010,0.35000,-0.53703
218,Lateral+,-0.04000,0.05010,0.37000,-0.54400
219,Lateral+,-0.04000,0.05010,0.39000,-0.56004
220,Lateral+,-0.02000,0.05010,0.01000,-0.50962
221,Lateral+,-0.02000,0.05010,0.03000,-0.52904
222,Lateral+,-0.02000,0.05010,0.05000,-0.51086
223,Lateral+,-0.02000,0.05010,0.07000,-0.49322
224,Lateral+,-0.02000,0.05010,0.09000,-0.49453
225,Lateral+,-0.02000,0.05010,0.11000,-0.49966
226,Lateral+,-0.02000,0.05010,0.13000,-0.50452
227,Lateral+,-0.02000,0.05010,0.15000,-0.50845
228,Lateral+,-0.02000,0.05010,0.17000,-0.51163
229,Lateral+,-0.02000,0.05010,0.19000,-0.51463
230,Lateral+,-0.02000,0.05010,0.21000,-0.51797
231,Lateral+,-0.02000,0.05010,0.23000,-0.52189
232,Lateral+,-0.02000,0.05010,0.25000,-0.52632
233,Lateral+,-0.02000,0.05010,0.27000,-0.53091
234,Lateral+,-0.02000,0.05010,0.29000,-0.53511
235,Lateral+,-0.02000,0.05010,0.31000,-0.53845
236,Lateral+,-0.02000,0.05010,0.33000,-0.54090
237,Lateral+,-0.02000,0.05010,0.35000,-0.54347
238,Lateral+,-0.02000,0.05010,0.37000,-0.54884
239,Lateral+,-0.02000,0.05010,0.39000,-0.56106
240,Lateral+,0.00000,0.05010,0.01000,-0.43624
241,Lateral+,0.00000,0.05010,0.03000,-0.50635
242,Lateral+,0.00000,0.05010,0.05000,-0.49541
243,Lateral+,0.00000,0.05010,0.07000,-0.48231
244,Lateral+,0.00000,0.05010,0.09000,-0.48850
245,Lateral+,0.00000,0.05010,0.11000,-0.49585
246,Lateral+,0.00000,0.05010,0.13000,-0.50189
247,Lateral+,0.00000,0.05010,0.15000,-0.50642
248,Lateral+,0.00000,0.05010,0.17000,-0.50995
249,Lateral+,0.00000,0.05010,0.19000,-0.51324
250,Lateral+,0.00000,0.05010,0.21000,-0.51676
251,Lateral+,0.00000,0.05010,0.23000,-0.52068
252,Lateral+,0.00000,0.05010,0.25000,-0.52489
253,Lateral+,0.00000,0.05010,0.27000,-0.52898
254,Lateral+,0.00000,0.05010,0.29000,-0.53247
255,Lateral+,0.00000,0.05010,0.31000,-0.53482
256,Lateral+,0.00000,0.05010,0.33000,-0.53570
257,Lateral+,0.00000,0.05010,0.35000,-0.53557
258,Lateral+,0.00000,0.05010,0.37000,-0.53644
259,Lateral+,0.00000,0.05010,0.39000,-0.54321
260,Lateral+,0.02000,0.05010,0.01000,-0.38699
261,Lateral+,0.02000,0.05010,0.03000,-0.46537
262,Lateral+,0.02000,0.05010,0.05000,-0.46131
263,Lateral+,0.02000,0.05010,0.07000,-0.45658
264,Lateral+,0.02000,0.05010,0.09000,-0.46739
265,Lateral+,0.02000,0.05010,0.11000,-0.47259
266,Lateral+,0.02000,0.05010,0.13000,-0.47482
267,Lateral+,0.02000,0.05010,0.15000,-0.47555
268,Lateral+,0.02000,0.05010,0.17000,-0.47616
269,Lateral+,0.02000,0.05010,0.19000,-0.47751
270,Lateral+,0.02000,0.05010,0.21000,-0.48011
271,Lateral+,0.02000,0.05010,0.23000,-0.48397
272,Lateral+,0.02000,0.05010,0.25000,-0.48892
273,Lateral+,0.02000,0.05010,0.27000,-0.49426
274,Lateral+,0.02000,0.05010,0.29000,-0.49925
275,Lateral+,0.02000,0.05010,0.31000,-0.50306
276,Lateral+,0.02000,0.05010,0.33000,-0.50493
277,Lateral+,0.02000,0.05010,0.35000,-0.50432
278,Lateral+,0.02000,0.05010,0.37000,-0.50202
279,Lateral+,0.02000,0.05010,0.39000,-0.50243
280,Lateral+,0.04000,0.05010,0.01000,-0.36659
281,Lateral+,0.04000,0.05010,0.03000,-0.42693
282,Lateral+,0.04000,0.05010,0.05000,-0.41932
283,Lateral+,0.04000,0.05010,0.07000,-0.43607
284,Lateral+,0.04000,0.05010,0.09000,-0.45075
285,Lateral+,0.04000,0.05010,0.11000,-0.46303
286,Lateral+,0.04000,0.05010,0.13000,-0.47481
287,Lateral+,0.04000,0.05010,0.15000,-0.48522
288,Lateral+,0.04000,0.05010,0.17000,-0.49295
289,Lateral+,0.04000,0.05010,0.19000,-0.49771
290,Lateral+,0.04000,0.05010,0.21000,-0.50001
291,Lateral+,0.04000,0.05010,0.23000,-0.50037
292,Lateral+,0.04000,0.05010,0.25000,-0.49951
293,Lateral+,0.04000,0.05010,0.27000,-0.49768
294,Lateral+,0.04000,0.05010,0.29000,-0.49467
295,Lateral+,0.04000,0.05010,0.31000,-0.49017
296,Lateral+,0.04000,0.05010,0.33000,-0.48352
297,Lateral+,0.04000,0.05010,0.35000,-0.47359
298,Lateral+,0.04000,0.05010,0.37000,-0.45910
299,Lateral+,0.04000,0.05010,0.39000,-0.44046
300,Lateral-,-0.04000,-0.05010,0.01000,-0.55600
301,Lateral-,-0.04000,-0.05010,0.03000,-0.53590
302,Lateral-,-0.04000,-0.05010,0.05000,-0.50402
303,Lateral-,-0.04000,-0.05010,0.07000,-0.48588
304,Lateral-,-0.04000,-0.05010,0.09000,-0.49016
305,Lateral-,-0.04000,-0.05010,0.11000,-0.49421
306,Lateral-,-0.04000,-0.05010,0.13000,-0.49731
307,Lateral-,-0.04000,-0.05010,0.15000,-0.49953
308,Lateral-,-0.04000,-0.05010,0.17000,-0.50125
309,Lateral-,-0.04000,-0.05010,0.19000,-0.50322
310,Lateral-,-0.04000,-0.05010,0.21000,-0.50616
311,Lateral-,-0.04000,-0.05010,0.23000,-0.51048
312,Lateral-,-0.04000,-0.05010,0.25000,-0.51605
313,Lateral-,-0.04000,-0.05010,0.27000,-0.52212
314,Lateral-,-0.04000,-0.05010,0.29000,-0.52772
315,Lateral-,-0.04000,-0.05010,0.31000,-0.53222
316,Lateral-,-0.04000,-0.05010,0.33000,-0.53562
317,Lateral-,-0.04000,-0.05010,0.35000,-0.53897
318,Lateral-,-0.04000,-0.05010,0.37000,-0.54554
319,Lateral-,-0.04000,-0.05010,0.39000,-0.56088
320,Lateral-,-0.02000,-0.05010,0.01000,-0.51038
321,Lateral-,-0.02000,-0.05010,0.03000,-0.52983
322,Lateral-,-0.02000,-0.05010,0.05000,-0.51140
323,Lateral-,-0.02000,-0.05010,0.07000,-0.49367
324,Lateral-,-0.02000,-0.05010,0.09000,-0.49514
325,Lateral-,-0.02000,-0.05010,0.11000,-0.50032
326,Lateral-,-0.02000,-0.05010,0.13000,-0.50522
327,Lateral-,-0.02000,-0.05010,0.15000,-0.50918
328,Lateral-,-0.02000,-0.05010,0.17000,-0.51244
329,Lateral-,-0.02000,-0.05010,0.19000,-0.51556
330,Lateral-,-0.02000,-0.05010,0.21000,-0.51907
331,Lateral-,-0.02000,-0.05010,0.23000,-0.52324
332,Lateral-,-0.02000,-0.05010,0.25000,-0.52797
333,Lateral-,-0.02000,-0.05010,0.27000,-0.53281
334,Lateral-,-0.02000,-0.05010,0.29000,-0.53714
335,Lateral-,-0.02000,-0.05010,0.31000,-0.54044
336,Lateral-,-0.02000,-0.05010,0.33000,-0.54272
337,Lateral-,-0.02000,-0.05010,0.35000,-0.54505
338,Lateral-,-0.02000,-0.05010,0.37000,-0.55015
339,Lateral-,-0.02000,-0.05010,0.39000,-0.56205
340,Lateral-,0.00000,-0.05010,0.01000,-0.43681
341,Lateral-,0.00000,-0.05010,0.03000,-0.50709
342,Lateral-,0.00000,-0.05010,0.05000,-0.49588
343,Lateral-,0.00000,-0.05010,0.07000,-0.48271
344,Lateral-,0.00000,-0.05010,0.09000,-0.48921
345,Lateral-,0.00000,-0.05010,0.11000,-0.49667
346,Lateral-,0.00000,-0.05010,0.13000,-0.50279
347,Lateral-,0.00000,-0.05010,0.15000,-0.50734
348,Lateral-,0.00000,-0.05010,0.17000,-0.51088
349,Lateral-,0.00000,-0.05010,0.19000,-0.51416
350,Lateral-,0.00000,-0.05010,0.21000,-0.51769
351,Lateral-,0.00000,-0.05010,0.23000,-0.52162
352,Lateral-,0.00000,-0.05010,0.25000,-0.52586
353,Lateral-,0.00000,-0.05010,0.27000,-0.53007
354,Lateral-,0.00000,-0.05010,0.29000,-0.53370
355,Lateral-,0.00000,-0.05010,0.31000,-0.53612
356,Lateral-,0.00000,-0.05010,0.33000,-0.53698
357,Lateral-,0.00000,-0.05010,0.35000,-0.53678
358,Lateral-,0.00000,-0.05010,0.37000,-0.53748
359,Lateral-,0.00000,-0.05010,0.39000,-0.54421
360,Lateral-,0.02000,-0.05010,0.01000,-0.38745
361,Lateral-,0.02000,-0.05010,0.03000,-0.46584
362,Lateral-,0.02000,-0.05010,0.05000,-0.46129
363,Lateral-,0.02000,-0.05010,0.07000,-0.45710
364,Lateral-,0.02000,-0.05010,0.09000,-0.46828
365,Lateral-,0.02000,-0.05010,0.11000,-0.47357
366,Lateral-,0.02000,-0.05010,0.13000,-0.47585
367,Lateral-,0.02000,-0.05010,0.15000,-0.47661
368,Lateral-,0.02000,-0.05010,0.17000,-0.47718
369,Lateral-,0.02000,-0.05010,0.19000,-0.47850
370,Lateral-,0.02000,-0.05010,0.21000,-0.48104
371,Lateral-,0.02000,-0.05010,0.23000,-0.48482
372,Lateral-,0.02000,-0.05010,0.25000,-0.48965
373,Lateral-,0.02000,-0.05010,0.27000,-0.49498
374,Lateral-,0.02000,-0.05010,0.29000,-0.50001
375,Lateral-,0.02000,-0.05010,0.31000,-0.50390
376,Lateral-,0.02000,-0.05010,0.33000,-0.50582
377,Lateral-,0.02000,-0.05010,0.35000,-0.50521
378,Lateral-,0.02000,-0.05010,0.37000,-0.50292
379,Lateral-,0.02000,-0.05010,0.39000,-0.50331
380,Lateral-,0.04000,-0.05010,0.01000,-0.36778
381,Lateral-,0.04000,-0.05010,0.03000,-0.42690
382,Lateral-,0.04000,-0.05010,0.05000,-0.41869
383,Lateral-,0.04000,-0.05010,0.07000,-0.43688
384,Lateral-,0.04000,-0.05010,0.09000,-0.45188
385,Lateral-,0.04000,-0.05010,0.11000,-0.46426
386,Lateral-,0.04000,-0.05010,0.13000,-0.47604
387,Lateral-,0.04000,-0.05010,0.15000,-0.48630
388,Lateral-,0.04000,-0.05010,0.17000,-0.49386
389,Lateral-,0.04000,-0.05010,0.19000,-0.49839
390,Lateral-,0.04000,-0.05010,0.21000,-0.50037
391,Lateral-,0.04000,-0.05010,0.23000,-0.50046
392,Lateral-,0.04000,-0.05010,0.25000,-0.49935
393,Lateral-,0.04000,-0.05010,0.27000,-0.49739
394,Lateral-,0.04000,-0.05010,0.29000,-0.49440
395,Lateral-,0.04000,-0.05010,0.31000,-0.48996
396,Lateral-,0.04000,-0.05010,0.33000,-0.48346
397,Lateral-,0.04000,-0.05010,0.35000,-0.47373
398,Lateral-,0.04000,-0.05010,0.37000,-0.45938
399,Lateral-,0.04000,-0.05010,0.39000,-0.44073
